lidar_date,name,product,illuminations,start,md5sum,download_link,time_range,Seconds
2010-04-24 22:44:54,MOD021KM.A2010114.1610.061.2017252020819.hdf,MOD021KM,N,2010-04-24 16:10:00,502666471012a91fda67551d317c0311,https://ladsweb.modaps.eosdis.nasa.gov/api/v2/content/archives/MOD021KM.A2010114.1610.061.2017252020819.hdf,0:25:06,1506
2010-04-27 22:00:14,MOD021KM.A2010117.1500.061.2017254171617.hdf,MOD021KM,N,2010-04-27 15:00:00,092e9de4e470e74e88c561bfddc9d899,https://ladsweb.modaps.eosdis.nasa.gov/api/v2/content/archives/MOD021KM.A2010117.1500.061.2017254171617.hdf,0:00:14,14
2010-04-27 22:16:18,MOD021KM.A2010117.1505.061.2017254172302.hdf,MOD021KM,B,2010-04-27 15:05:00,5d31c06c32d88eedf4ae7f2dccfaaa0e,https://ladsweb.modaps.eosdis.nasa.gov/api/v2/content/archives/MOD021KM.A2010117.1505.061.2017254172302.hdf,0:11:18,678
2010-04-27 23:16:42,MOD021KM.A2010117.1640.061.2017254171838.hdf,MOD021KM,N,2010-04-27 16:40:00,c81d801f1e7475bd8fda9570d011b875,https://ladsweb.modaps.eosdis.nasa.gov/api/v2/content/archives/MOD021KM.A2010117.1640.061.2017254171838.hdf,0:23:18,1398
2010-05-04 23:26:14,MOD021KM.A2010124.1645.061.2017253165041.hdf,MOD021KM,N,2010-05-04 16:45:00,f5d34e89d9e92e987e3a47bdb5d0a09c,https://ladsweb.modaps.eosdis.nasa.gov/api/v2/content/archives/MOD021KM.A2010124.1645.061.2017253165041.hdf,0:18:46,1126
2010-05-27 22:23:40,MOD021KM.A2010147.1515.061.2017253121654.hdf,MOD021KM,B,2010-05-27 15:15:00,c6fcfef7c6b5167cfc1004f6d035f68d,https://ladsweb.modaps.eosdis.nasa.gov/api/v2/content/archives/MOD021KM.A2010147.1515.061.2017253121654.hdf,0:08:40,520
2010-05-27 23:24:57,MOD021KM.A2010147.1650.061.2017253122107.hdf,MOD021KM,N,2010-05-27 16:50:00,827e9bea71bb6c16e071b09396234585,https://ladsweb.modaps.eosdis.nasa.gov/api/v2/content/archives/MOD021KM.A2010147.1650.061.2017253122107.hdf,0:25:03,1503
2010-06-29 23:23:09,MOD021KM.A2010180.1600.061.2017253172146.hdf,MOD021KM,B,2010-06-29 16:00:00,2241a125547963fd2b0d4bbae7819679,https://ladsweb.modaps.eosdis.nasa.gov/api/v2/content/archives/MOD021KM.A2010180.1600.061.2017253172146.hdf,0:23:09,1389
2010-06-30 23:51:21,MOD021KM.A2010181.1640.061.2017255032314.hdf,MOD021KM,B,2010-06-30 16:40:00,8a75ba1352032fc4fb1de75e3e10ac96,https://ladsweb.modaps.eosdis.nasa.gov/api/v2/content/archives/MOD021KM.A2010181.1640.061.2017255032314.hdf,0:11:21,681
2010-07-15 22:39:12,MOD021KM.A2010196.1555.061.2017253184056.hdf,MOD021KM,N,2010-07-15 15:55:00,42db6dd446831ce7ba0f4caa04839338,https://ladsweb.modaps.eosdis.nasa.gov/api/v2/content/archives/MOD021KM.A2010196.1555.061.2017253184056.hdf,0:15:48,948
2010-07-15 23:09:56,MOD021KM.A2010196.1600.061.2017253184553.hdf,MOD021KM,B,2010-07-15 16:00:00,ace974a6c60c270f1d2418c5c2a70c14,https://ladsweb.modaps.eosdis.nasa.gov/api/v2/content/archives/MOD021KM.A2010196.1600.061.2017253184553.hdf,0:09:56,596
2010-10-12 21:03:33,MOD021KM.A2010285.1415.061.2017256065543.hdf,MOD021KM,N,2010-10-12 14:15:00,f80ee4b0fd4fee18f60e2b08a12d6b4b,https://ladsweb.modaps.eosdis.nasa.gov/api/v2/content/archives/MOD021KM.A2010285.1415.061.2017256065543.hdf,0:11:27,687
2010-10-12 23:02:54,MOD021KM.A2010285.1550.061.2017256065618.hdf,MOD021KM,N,2010-10-12 15:50:00,a5c621575ff66a4ba766b696eccd3e19,https://ladsweb.modaps.eosdis.nasa.gov/api/v2/content/archives/MOD021KM.A2010285.1550.061.2017256065618.hdf,0:12:54,774
2011-04-11 23:12:48,MOD021KM.A2011101.1610.061.2017322200654.hdf,MOD021KM,N,2011-04-11 16:10:00,8c00b0cc053263dbbb41db25fc03bb13,https://ladsweb.modaps.eosdis.nasa.gov/api/v2/content/archives/MOD021KM.A2011101.1610.061.2017322200654.hdf,0:02:48,168
2011-04-12 21:48:41,MOD021KM.A2011102.1515.061.2017322201143.hdf,MOD021KM,N,2011-04-12 15:15:00,90732b8bbe522551a5b67f7e8394c0da,https://ladsweb.modaps.eosdis.nasa.gov/api/v2/content/archives/MOD021KM.A2011102.1515.061.2017322201143.hdf,0:26:19,1579
2011-05-30 21:59:19,MOD021KM.A2011150.1515.061.2017323152332.hdf,MOD021KM,B,2011-05-30 15:15:00,927deb50aadf399b6e2fa692c6e97287,https://ladsweb.modaps.eosdis.nasa.gov/api/v2/content/archives/MOD021KM.A2011150.1515.061.2017323152332.hdf,0:15:41,941
2011-09-08 23:45:06,MOD021KM.A2011251.1710.061.2017326092404.hdf,MOD021KM,N,2011-09-08 17:10:00,3b04d405f9c956229ce60c79184076a9,https://ladsweb.modaps.eosdis.nasa.gov/api/v2/content/archives/MOD021KM.A2011251.1710.061.2017326092404.hdf,0:24:54,1494
2011-09-20 21:15:34,MOD021KM.A2011263.1420.061.2017326110639.hdf,MOD021KM,N,2011-09-20 14:20:00,e52cb105e7589e9635017ffbbae44dea,https://ladsweb.modaps.eosdis.nasa.gov/api/v2/content/archives/MOD021KM.A2011263.1420.061.2017326110639.hdf,0:04:26,266
2011-09-20 23:04:09,MOD021KM.A2011263.1600.061.2017326105757.hdf,MOD021KM,N,2011-09-20 16:00:00,00542fd5dac58d4f61cf505d9dc9fc2a,https://ladsweb.modaps.eosdis.nasa.gov/api/v2/content/archives/MOD021KM.A2011263.1600.061.2017326105757.hdf,0:04:09,249
2011-09-26 13:54:23,MOD021KM.A2011269.0720.061.2017326145509.hdf,MOD021KM,D,2011-09-26 07:20:00,19c2e0db08320ce3052d3e8b590fb3e6,https://ladsweb.modaps.eosdis.nasa.gov/api/v2/content/archives/MOD021KM.A2011269.0720.061.2017326145509.hdf,0:25:37,1537
2011-09-27 20:57:06,MOD021KM.A2011270.1425.061.2017326154905.hdf,MOD021KM,N,2011-09-27 14:25:00,d14efad312ef91b40efd7e9f0b110a76,https://ladsweb.modaps.eosdis.nasa.gov/api/v2/content/archives/MOD021KM.A2011270.1425.061.2017326154905.hdf,0:27:54,1674
2011-09-27 23:15:36,MOD021KM.A2011270.1605.061.2017326154849.hdf,MOD021KM,N,2011-09-27 16:05:00,d58ca9eb4fa8dd2092528f62a3963ecb,https://ladsweb.modaps.eosdis.nasa.gov/api/v2/content/archives/MOD021KM.A2011270.1605.061.2017326154849.hdf,0:10:36,636
2011-10-24 15:26:04,MYD021KM.A2011297.0800.061.2018034020440.hdf,MYD021KM,D,2011-10-24 08:00:00,e989c846b0df572d962e88fdc1a209f5,https://ladsweb.modaps.eosdis.nasa.gov/api/v2/content/archives/MYD021KM.A2011297.0800.061.2018034020440.hdf,0:26:04,1564
2011-11-16 14:28:28,MOD021KM.A2011320.0750.061.2017327170344.hdf,MOD021KM,B,2011-11-16 07:50:00,c46e09dde3f853658d9cc40f6ebac0f2,https://ladsweb.modaps.eosdis.nasa.gov/api/v2/content/archives/MOD021KM.A2011320.0750.061.2017327170344.hdf,0:21:32,1292
2011-11-16 14:36:45,MYD021KM.A2011320.0805.061.2018034114733.hdf,MYD021KM,D,2011-11-16 08:05:00,4293a7f0879c59fb2c36dfffd00cf87d,https://ladsweb.modaps.eosdis.nasa.gov/api/v2/content/archives/MYD021KM.A2011320.0805.061.2018034114733.hdf,0:28:15,1695
2011-11-28 12:29:31,MOD021KM.A2011332.0500.061.2017328025942.hdf,MOD021KM,D,2011-11-28 05:00:00,af225d99ec06ff000b6e6ad10b364a4e,https://ladsweb.modaps.eosdis.nasa.gov/api/v2/content/archives/MOD021KM.A2011332.0500.061.2017328025942.hdf,0:29:31,1771
2011-12-26 12:05:56,MYD021KM.A2011360.0535.061.2018035054441.hdf,MYD021KM,D,2011-12-26 05:35:00,f2947f85381a375841e0694ebaf29bce,https://ladsweb.modaps.eosdis.nasa.gov/api/v2/content/archives/MYD021KM.A2011360.0535.061.2018035054441.hdf,0:29:04,1744
2011-12-26 12:05:56,MOD021KM.A2011360.0525.061.2017328165709.hdf,MOD021KM,B,2011-12-26 05:25:00,07ef9daaaa242b0a51e6b3d31fef9caa,https://ladsweb.modaps.eosdis.nasa.gov/api/v2/content/archives/MOD021KM.A2011360.0525.061.2017328165709.hdf,0:19:04,1144
2012-01-04 13:38:40,MOD021KM.A2012004.0655.061.2017329175618.hdf,MOD021KM,B,2012-01-04 06:55:00,1cd00642d166f54a4f56bba9a08a23db,https://ladsweb.modaps.eosdis.nasa.gov/api/v2/content/archives/MOD021KM.A2012004.0655.061.2017329175618.hdf,0:16:20,980
2012-01-04 14:03:25,MYD021KM.A2012004.0710.061.2018036214355.hdf,MYD021KM,B,2012-01-04 07:10:00,3655c5c99f9af7a68f566c1ca85a70dc,https://ladsweb.modaps.eosdis.nasa.gov/api/v2/content/archives/MYD021KM.A2012004.0710.061.2018036214355.hdf,0:06:35,395
2012-01-04 14:03:25,MOD021KM.A2012004.0700.061.2017329175459.hdf,MOD021KM,D,2012-01-04 07:00:00,356a3f8b0aba16b6ce33c89482a57e9b,https://ladsweb.modaps.eosdis.nasa.gov/api/v2/content/archives/MOD021KM.A2012004.0700.061.2017329175459.hdf,0:03:25,205
2012-01-10 13:38:09,MYD021KM.A2012010.0635.061.2018038124107.hdf,MYD021KM,B,2012-01-10 06:35:00,499387f1dfce64269c77fd99b9197b88,https://ladsweb.modaps.eosdis.nasa.gov/api/v2/content/archives/MYD021KM.A2012010.0635.061.2018038124107.hdf,0:03:09,189
2012-01-10 13:38:09,MOD021KM.A2012010.0620.061.2017329174607.hdf,MOD021KM,B,2012-01-10 06:20:00,9921776e9a15660c77149baa0e042738,https://ladsweb.modaps.eosdis.nasa.gov/api/v2/content/archives/MOD021KM.A2012010.0620.061.2017329174607.hdf,0:18:09,1089
2012-01-12 12:44:27,MOD021KM.A2012012.0610.061.2017329180219.hdf,MOD021KM,D,2012-01-12 06:10:00,f6b431f6fb0a62431084afa9ec683ea5,https://ladsweb.modaps.eosdis.nasa.gov/api/v2/content/archives/MOD021KM.A2012012.0610.061.2017329180219.hdf,0:25:33,1533
2012-06-01 14:37:31,MYD021KM.A2012153.0730.061.2018040004113.hdf,MYD021KM,D,2012-06-01 07:30:00,435c7e99dfa8b9d259cf3ddb433872a1,https://ladsweb.modaps.eosdis.nasa.gov/api/v2/content/archives/MYD021KM.A2012153.0730.061.2018040004113.hdf,0:07:31,451
2012-06-01 14:37:31,MOD021KM.A2012153.0715.061.2017334013224.hdf,MOD021KM,D,2012-06-01 07:15:00,edff95a2076749fe49c70adb8b1fc8fb,https://ladsweb.modaps.eosdis.nasa.gov/api/v2/content/archives/MOD021KM.A2012153.0715.061.2017334013224.hdf,0:22:31,1351
2012-10-13 15:43:49,MOD021KM.A2012287.0815.061.2017339011416.hdf,MOD021KM,D,2012-10-13 08:15:00,c55e1c3f0891d6672c9d019dea057654,https://ladsweb.modaps.eosdis.nasa.gov/api/v2/content/archives/MOD021KM.A2012287.0815.061.2017339011416.hdf,0:28:49,1729
2013-01-03 14:53:12,MYD021KM.A2013003.0815.061.2018043211638.hdf,MYD021KM,D,2013-01-03 08:15:00,73ec955fedd70dab9a0e2e0daf20be33,https://ladsweb.modaps.eosdis.nasa.gov/api/v2/content/archives/MYD021KM.A2013003.0815.061.2018043211638.hdf,0:21:48,1308
2013-02-03 12:45:14,MYD021KM.A2013034.0555.061.2018044033014.hdf,MYD021KM,D,2013-02-03 05:55:00,8a4190166e27e5d473dd9f4aeb25233a,https://ladsweb.modaps.eosdis.nasa.gov/api/v2/content/archives/MYD021KM.A2013034.0555.061.2018044033014.hdf,0:09:46,586
2013-02-03 12:45:14,MOD021KM.A2013034.0545.061.2017294180611.hdf,MOD021KM,D,2013-02-03 05:45:00,77983198109847cf23aa2850f4927e3b,https://ladsweb.modaps.eosdis.nasa.gov/api/v2/content/archives/MOD021KM.A2013034.0545.061.2017294180611.hdf,0:00:14,14
2013-02-21 13:43:08,MOD021KM.A2013052.0710.061.2017295010833.hdf,MOD021KM,D,2013-02-21 07:10:00,734996ca7c8563913f56a17f6b42b6a6,https://ladsweb.modaps.eosdis.nasa.gov/api/v2/content/archives/MOD021KM.A2013052.0710.061.2017295010833.hdf,0:26:52,1612
2013-02-21 14:04:17,MYD021KM.A2013052.0720.061.2018044080917.hdf,MYD021KM,D,2013-02-21 07:20:00,26e19abd5fc5d66548618ec2d0ce3328,https://ladsweb.modaps.eosdis.nasa.gov/api/v2/content/archives/MYD021KM.A2013052.0720.061.2018044080917.hdf,0:15:43,943
2013-03-20 13:45:29,MYD021KM.A2013079.0705.061.2018045160301.hdf,MYD021KM,D,2013-03-20 07:05:00,ddbeacf78dc82cc7c3bffff0f1c7f8ab,https://ladsweb.modaps.eosdis.nasa.gov/api/v2/content/archives/MYD021KM.A2013079.0705.061.2018045160301.hdf,0:19:31,1171
2013-03-20 13:45:29,MOD021KM.A2013079.0650.061.2017295102149.hdf,MOD021KM,D,2013-03-20 06:50:00,e2ace95b5c9f852993101ab67f2108a2,https://ladsweb.modaps.eosdis.nasa.gov/api/v2/content/archives/MOD021KM.A2013079.0650.061.2017295102149.hdf,0:04:31,271
2013-03-22 11:37:22,MOD021KM.A2013081.0500.061.2017294161554.hdf,MOD021KM,D,2013-03-22 05:00:00,70145119c48ddc662afb3955699f1791,https://ladsweb.modaps.eosdis.nasa.gov/api/v2/content/archives/MOD021KM.A2013081.0500.061.2017294161554.hdf,0:22:38,1358
2013-03-22 12:06:21,MYD021KM.A2013081.0515.061.2018045171057.hdf,MYD021KM,D,2013-03-22 05:15:00,4cb8de042abf13d68aa01a974aa0d5ff,https://ladsweb.modaps.eosdis.nasa.gov/api/v2/content/archives/MYD021KM.A2013081.0515.061.2018045171057.hdf,0:08:39,519
2013-03-22 13:12:59,MOD021KM.A2013081.0640.061.2017294161657.hdf,MOD021KM,D,2013-03-22 06:40:00,5dcca8a960a9a205a584d2c34e8c6751,https://ladsweb.modaps.eosdis.nasa.gov/api/v2/content/archives/MOD021KM.A2013081.0640.061.2017294161657.hdf,0:27:01,1621
2013-03-22 13:31:24,MYD021KM.A2013081.0650.061.2018045171101.hdf,MYD021KM,D,2013-03-22 06:50:00,04f7600cc9fca918239238b4af0f0df5,https://ladsweb.modaps.eosdis.nasa.gov/api/v2/content/archives/MYD021KM.A2013081.0650.061.2018045171101.hdf,0:18:36,1116
2013-03-26 13:10:16,MYD021KM.A2013085.0625.061.2018045191814.hdf,MYD021KM,D,2013-03-26 06:25:00,eaab41a8414f3f911cb32ac4387f36e4,https://ladsweb.modaps.eosdis.nasa.gov/api/v2/content/archives/MYD021KM.A2013085.0625.061.2018045191814.hdf,0:14:44,884
2013-03-26 13:10:16,MOD021KM.A2013085.0615.061.2017295034400.hdf,MOD021KM,D,2013-03-26 06:15:00,85fdb7d5d11a659bf142fa690cc98097,https://ladsweb.modaps.eosdis.nasa.gov/api/v2/content/archives/MOD021KM.A2013085.0615.061.2017295034400.hdf,0:04:44,284
2013-03-26 13:57:52,MYD021KM.A2013085.0630.061.2018045191810.hdf,MYD021KM,D,2013-03-26 06:30:00,c8d97e156e3311179f70e01d5c72e3e0,https://ladsweb.modaps.eosdis.nasa.gov/api/v2/content/archives/MYD021KM.A2013085.0630.061.2018045191810.hdf,0:27:52,1672
2013-03-26 14:53:31,MYD021KM.A2013085.0805.061.2018045191907.hdf,MYD021KM,D,2013-03-26 08:05:00,c9029e3600cb00f4ec752a40b09df78a,https://ladsweb.modaps.eosdis.nasa.gov/api/v2/content/archives/MYD021KM.A2013085.0805.061.2018045191907.hdf,0:11:29,689
2013-04-09 11:53:57,MOD021KM.A2013099.0450.061.2017294230856.hdf,MOD021KM,D,2013-04-09 04:50:00,d26c9bde882582bd6defc06f1f7748cf,https://ladsweb.modaps.eosdis.nasa.gov/api/v2/content/archives/MOD021KM.A2013099.0450.061.2017294230856.hdf,0:03:57,237
2013-04-11 12:02:06,MYD021KM.A2013101.0450.061.2018045235029.hdf,MYD021KM,D,2013-04-11 04:50:00,68ca7711eccc1ce4ae4ea6016268f5f6,https://ladsweb.modaps.eosdis.nasa.gov/api/v2/content/archives/MYD021KM.A2013101.0450.061.2018045235029.hdf,0:12:06,726
2013-04-11 12:02:06,MOD021KM.A2013101.0435.061.2017295045432.hdf,MOD021KM,D,2013-04-11 04:35:00,4753dc51ecbf76fbb2549b80caf6de40,https://ladsweb.modaps.eosdis.nasa.gov/api/v2/content/archives/MOD021KM.A2013101.0435.061.2017295045432.hdf,0:27:06,1626
2013-04-11 12:46:52,MOD021KM.A2013101.0615.061.2017295045429.hdf,MOD021KM,D,2013-04-11 06:15:00,fadb51f48d9190966b1e216c21785e76,https://ladsweb.modaps.eosdis.nasa.gov/api/v2/content/archives/MOD021KM.A2013101.0615.061.2017295045429.hdf,0:28:08,1688
2013-04-15 13:24:53,MYD021KM.A2013105.0605.061.2018046015522.hdf,MYD021KM,D,2013-04-15 06:05:00,c4e1f753cdb2de9dd0f2393a2fa25885,https://ladsweb.modaps.eosdis.nasa.gov/api/v2/content/archives/MYD021KM.A2013105.0605.061.2018046015522.hdf,0:19:53,1193
2013-04-17 13:57:03,MOD021KM.A2013107.0715.061.2017294230034.hdf,MOD021KM,D,2013-04-17 07:15:00,037588a993fbcfd5aed8a7c35b974bc7,https://ladsweb.modaps.eosdis.nasa.gov/api/v2/content/archives/MOD021KM.A2013107.0715.061.2017294230034.hdf,0:17:57,1077
2013-04-17 14:26:24,MYD021KM.A2013107.0730.061.2018046041003.hdf,MYD021KM,D,2013-04-17 07:30:00,b46e9450aadb9cae0b89903ac61292eb,https://ladsweb.modaps.eosdis.nasa.gov/api/v2/content/archives/MYD021KM.A2013107.0730.061.2018046041003.hdf,0:03:36,216
2013-09-25 15:28:53,MYD021KM.A2013268.0810.061.2018049152215.hdf,MYD021KM,D,2013-09-25 08:10:00,32c5f70f2f77f10f9c6fcff23f7bae1a,https://ladsweb.modaps.eosdis.nasa.gov/api/v2/content/archives/MYD021KM.A2013268.0810.061.2018049152215.hdf,0:18:53,1133
2013-11-08 13:45:54,MYD021KM.A2013312.0655.061.2018050002343.hdf,MYD021KM,D,2013-11-08 06:55:00,39b71ea422397a39f53666acaa8c9da1,https://ladsweb.modaps.eosdis.nasa.gov/api/v2/content/archives/MYD021KM.A2013312.0655.061.2018050002343.hdf,0:09:06,546
2013-11-08 13:45:54,MOD021KM.A2013312.0645.061.2017305002343.hdf,MOD021KM,D,2013-11-08 06:45:00,5d294f7e3e4233791778532fd2dac8b1,https://ladsweb.modaps.eosdis.nasa.gov/api/v2/content/archives/MOD021KM.A2013312.0645.061.2017305002343.hdf,0:00:54,54
2013-11-09 12:42:34,MYD021KM.A2013313.0600.061.2018050003925.hdf,MYD021KM,D,2013-11-09 06:00:00,c4a68d296649480be45ddfcc3fd2b4e7,https://ladsweb.modaps.eosdis.nasa.gov/api/v2/content/archives/MYD021KM.A2013313.0600.061.2018050003925.hdf,0:17:26,1046
2013-11-09 12:42:34,MOD021KM.A2013313.0550.061.2017304192842.hdf,MOD021KM,D,2013-11-09 05:50:00,e9c8e4334ee52138f5dd7061511d903a,https://ladsweb.modaps.eosdis.nasa.gov/api/v2/content/archives/MOD021KM.A2013313.0550.061.2017304192842.hdf,0:07:26,446
2013-12-23 13:18:20,MYD021KM.A2013357.0625.061.2018050201648.hdf,MYD021KM,D,2013-12-23 06:25:00,dcf387db50c53aa350b15b793cb5bbb0,https://ladsweb.modaps.eosdis.nasa.gov/api/v2/content/archives/MYD021KM.A2013357.0625.061.2018050201648.hdf,0:06:40,400
2013-12-23 13:18:20,MOD021KM.A2013357.0615.061.2017306044445.hdf,MOD021KM,B,2013-12-23 06:15:00,911593f6418128be3994c8a1f119031f,https://ladsweb.modaps.eosdis.nasa.gov/api/v2/content/archives/MOD021KM.A2013357.0615.061.2017306044445.hdf,0:03:20,200
2014-03-17 22:00:07,MOD021KM.A2014076.1525.061.2017309120927.hdf,MOD021KM,N,2014-03-17 15:25:00,eedf963be51d163f9b7cba588d95aa7a,https://ladsweb.modaps.eosdis.nasa.gov/api/v2/content/archives/MOD021KM.A2014076.1525.061.2017309120927.hdf,0:24:53,1493
2014-11-22 15:34:58,MYD021KM.A2014326.0820.061.2018057055013.hdf,MYD021KM,B,2014-11-22 08:20:00,fdd8c1d8b7282af9d32cd0ceaf105aa6,https://ladsweb.modaps.eosdis.nasa.gov/api/v2/content/archives/MYD021KM.A2014326.0820.061.2018057055013.hdf,0:14:58,898
2014-12-03 14:21:13,MOD021KM.A2014337.0745.061.2017317025155.hdf,MOD021KM,B,2014-12-03 07:45:00,9dcebc6d0c2e1e89eacb152ece5a6260,https://ladsweb.modaps.eosdis.nasa.gov/api/v2/content/archives/MOD021KM.A2014337.0745.061.2017317025155.hdf,0:23:47,1427
2014-12-03 14:35:43,MYD021KM.A2014337.0800.061.2018057071120.hdf,MYD021KM,B,2014-12-03 08:00:00,ce3d7a3cfccd38192a7ecc09d82af4c3,https://ladsweb.modaps.eosdis.nasa.gov/api/v2/content/archives/MYD021KM.A2014337.0800.061.2018057071120.hdf,0:24:17,1457
2014-12-05 13:39:57,MYD021KM.A2014339.0610.061.2018057084349.hdf,MYD021KM,B,2014-12-05 06:10:00,d2aad152746e4551425b7c884f219772,https://ladsweb.modaps.eosdis.nasa.gov/api/v2/content/archives/MYD021KM.A2014339.0610.061.2018057084349.hdf,0:29:57,1797
2014-12-05 14:12:30,MOD021KM.A2014339.0735.061.2017317032055.hdf,MOD021KM,B,2014-12-05 07:35:00,dc0c0c097be68fbf2dab7fc1f76ba8b9,https://ladsweb.modaps.eosdis.nasa.gov/api/v2/content/archives/MOD021KM.A2014339.0735.061.2017317032055.hdf,0:22:30,1350
2015-01-13 15:19:00,MYD021KM.A2015013.0755.061.2018046005626.hdf,MYD021KM,B,2015-01-13 07:55:00,33bce6ca3bc5d74d82d4cffdf77caca8,https://ladsweb.modaps.eosdis.nasa.gov/api/v2/content/archives/MYD021KM.A2015013.0755.061.2018046005626.hdf,0:24:00,1440
2015-01-29 13:36:54,MYD021KM.A2015029.0615.061.2018046070117.hdf,MYD021KM,D,2015-01-29 06:15:00,9180b4de3c8847188e14d21c083482b6,https://ladsweb.modaps.eosdis.nasa.gov/api/v2/content/archives/MYD021KM.A2015029.0615.061.2018046070117.hdf,0:21:54,1314
2015-02-06 12:34:01,MYD021KM.A2015037.0525.061.2018046084756.hdf,MYD021KM,D,2015-02-06 05:25:00,507ac3ddbcca8adfc04e7f25e72b6c31,https://ladsweb.modaps.eosdis.nasa.gov/api/v2/content/archives/MYD021KM.A2015037.0525.061.2018046084756.hdf,0:09:01,541
2015-02-06 12:34:01,MOD021KM.A2015037.0515.061.2017319010406.hdf,MOD021KM,D,2015-02-06 05:15:00,9415efa467a58aee54eb632807ab29bf,https://ladsweb.modaps.eosdis.nasa.gov/api/v2/content/archives/MOD021KM.A2015037.0515.061.2017319010406.hdf,0:19:01,1141
2015-02-06 14:09:30,MYD021KM.A2015037.0705.061.2018046084818.hdf,MYD021KM,D,2015-02-06 07:05:00,5df905e87ed10cbb8e2020651c30232f,https://ladsweb.modaps.eosdis.nasa.gov/api/v2/content/archives/MYD021KM.A2015037.0705.061.2018046084818.hdf,0:04:30,270
2015-02-06 14:09:30,MOD021KM.A2015037.0650.061.2017319010532.hdf,MOD021KM,B,2015-02-06 06:50:00,44fa1015cc5ff7f6074309522e7c51a8,https://ladsweb.modaps.eosdis.nasa.gov/api/v2/content/archives/MOD021KM.A2015037.0650.061.2017319010532.hdf,0:19:30,1170
2015-04-17 14:37:10,MYD021KM.A2015107.0805.061.2018049061521.hdf,MYD021KM,D,2015-04-17 08:05:00,fc2f05f067ccec438e586f73523fd3dc,https://ladsweb.modaps.eosdis.nasa.gov/api/v2/content/archives/MYD021KM.A2015107.0805.061.2018049061521.hdf,0:27:50,1670
2015-06-29 22:19:39,MOD021KM.A2015180.1545.061.2017321044340.hdf,MOD021KM,B,2015-06-29 15:45:00,5deef6109551d4c1fea6b37d48e66249,https://ladsweb.modaps.eosdis.nasa.gov/api/v2/content/archives/MOD021KM.A2015180.1545.061.2017321044340.hdf,0:25:21,1521
2015-10-08 21:52:33,MOD021KM.A2015281.1425.061.2017322124609.hdf,MOD021KM,N,2015-10-08 14:25:00,106994a6b9bce665353d88e42ce5828c,https://ladsweb.modaps.eosdis.nasa.gov/api/v2/content/archives/MOD021KM.A2015281.1425.061.2017322124609.hdf,0:27:33,1653
2016-01-22 14:25:33,MYD021KM.A2016022.0715.061.2018055080608.hdf,MYD021KM,D,2016-01-22 07:15:00,c6e0da3ec934d378a3292eb2807839ca,https://ladsweb.modaps.eosdis.nasa.gov/api/v2/content/archives/MYD021KM.A2016022.0715.061.2018055080608.hdf,0:10:33,633
2016-01-22 14:25:33,MOD021KM.A2016022.0705.061.2017324193219.hdf,MOD021KM,D,2016-01-22 07:05:00,f4564404d87a7f0aa84d2754a91140f2,https://ladsweb.modaps.eosdis.nasa.gov/api/v2/content/archives/MOD021KM.A2016022.0705.061.2017324193219.hdf,0:20:33,1233
2016-05-19 13:25:53,MYD021KM.A2016140.0640.061.2018058075749.hdf,MYD021KM,D,2016-05-19 06:40:00,d794a39d5c5853dc24a92ddd19786c50,https://ladsweb.modaps.eosdis.nasa.gov/api/v2/content/archives/MYD021KM.A2016140.0640.061.2018058075749.hdf,0:14:07,847
2016-05-19 13:25:53,MOD021KM.A2016140.0625.061.2017326012707.hdf,MOD021KM,D,2016-05-19 06:25:00,94e69e631306dc38cd91a0acfd7102cb,https://ladsweb.modaps.eosdis.nasa.gov/api/v2/content/archives/MOD021KM.A2016140.0625.061.2017326012707.hdf,0:00:53,53
2016-06-21 12:43:34,MYD021KM.A2016173.0545.061.2018059092503.hdf,MYD021KM,D,2016-06-21 05:45:00,a9d070a1bfb4228716ef2089298a9d8e,https://ladsweb.modaps.eosdis.nasa.gov/api/v2/content/archives/MYD021KM.A2016173.0545.061.2018059092503.hdf,0:01:26,86
2016-06-21 12:43:34,MOD021KM.A2016173.0535.061.2017326121012.hdf,MOD021KM,D,2016-06-21 05:35:00,23b3211dc4e21d06441beb271294a367,https://ladsweb.modaps.eosdis.nasa.gov/api/v2/content/archives/MOD021KM.A2016173.0535.061.2017326121012.hdf,0:08:34,514
2017-01-10 12:40:09,MYD021KM.A2017010.0525.061.2018029030506.hdf,MYD021KM,B,2017-01-10 05:25:00,71035e557b73f95339aff29f9340afe7,https://ladsweb.modaps.eosdis.nasa.gov/api/v2/content/archives/MYD021KM.A2017010.0525.061.2018029030506.hdf,0:15:09,909
2017-01-10 12:40:09,MOD021KM.A2017010.0515.061.2017311222638.hdf,MOD021KM,D,2017-01-10 05:15:00,268397afceddcc6c459db6322c608ab7,https://ladsweb.modaps.eosdis.nasa.gov/api/v2/content/archives/MOD021KM.A2017010.0515.061.2017311222638.hdf,0:25:09,1509
2017-01-10 13:58:15,MYD021KM.A2017010.0700.061.2018029030340.hdf,MYD021KM,D,2017-01-10 07:00:00,e176f50fd5ee99cc24a3f15ea67d486e,https://ladsweb.modaps.eosdis.nasa.gov/api/v2/content/archives/MYD021KM.A2017010.0700.061.2018029030340.hdf,0:01:45,105
2017-01-10 13:58:15,MOD021KM.A2017010.0650.061.2017311222406.hdf,MOD021KM,B,2017-01-10 06:50:00,308e836fef9a7282234b07ba817a9e85,https://ladsweb.modaps.eosdis.nasa.gov/api/v2/content/archives/MOD021KM.A2017010.0650.061.2017311222406.hdf,0:08:15,495
2017-01-10 14:32:41,MYD021KM.A2017010.0705.061.2018029030512.hdf,MYD021KM,B,2017-01-10 07:05:00,390b93b8f76888c1456410ba496db10f,https://ladsweb.modaps.eosdis.nasa.gov/api/v2/content/archives/MYD021KM.A2017010.0705.061.2018029030512.hdf,0:27:41,1661
2017-01-20 12:28:58,MOD021KM.A2017020.0550.061.2017311234542.hdf,MOD021KM,D,2017-01-20 05:50:00,85ab09eab0a40f8afe38bcfc84048ce5,https://ladsweb.modaps.eosdis.nasa.gov/api/v2/content/archives/MOD021KM.A2017020.0550.061.2017311234542.hdf,0:21:02,1262
2017-01-20 12:46:13,MYD021KM.A2017020.0600.061.2018029044325.hdf,MYD021KM,D,2017-01-20 06:00:00,5ba52fdf232395053bdf95c3a25e1f0d,https://ladsweb.modaps.eosdis.nasa.gov/api/v2/content/archives/MYD021KM.A2017020.0600.061.2018029044325.hdf,0:13:47,827
2017-01-28 13:22:23,MYD021KM.A2017028.0650.061.2018029220150.hdf,MYD021KM,D,2017-01-28 06:50:00,0996d611013ab4fe58eff17db27f26f1,https://ladsweb.modaps.eosdis.nasa.gov/api/v2/content/archives/MYD021KM.A2017028.0650.061.2018029220150.hdf,0:27:37,1657
2017-01-28 13:22:23,MOD021KM.A2017028.0640.061.2017312011050.hdf,MOD021KM,D,2017-01-28 06:40:00,b6f9b7698dc66364325a3fb293954aed,https://ladsweb.modaps.eosdis.nasa.gov/api/v2/content/archives/MOD021KM.A2017028.0640.061.2017312011050.hdf,0:17:37,1057
2017-03-10 13:52:20,MYD021KM.A2017069.0645.061.2018031012408.hdf,MYD021KM,D,2017-03-10 06:45:00,5b26470ad8da071c25191e01f1be55c1,https://ladsweb.modaps.eosdis.nasa.gov/api/v2/content/archives/MYD021KM.A2017069.0645.061.2018031012408.hdf,0:07:20,440
2017-03-10 13:52:20,MOD021KM.A2017069.0635.061.2017312212144.hdf,MOD021KM,D,2017-03-10 06:35:00,6bef88aa3cb724cdb1fbf7fb5bccd6c6,https://ladsweb.modaps.eosdis.nasa.gov/api/v2/content/archives/MOD021KM.A2017069.0635.061.2017312212144.hdf,0:17:20,1040
2017-03-23 12:34:07,MOD021KM.A2017082.0600.061.2017313214357.hdf,MOD021KM,D,2017-03-23 06:00:00,9623e0b1b13ef3a8b398d35eca8fa34a,https://ladsweb.modaps.eosdis.nasa.gov/api/v2/content/archives/MOD021KM.A2017082.0600.061.2017313214357.hdf,0:25:53,1553
2017-04-10 22:30:30,MOD021KM.A2017100.1525.061.2017314023940.hdf,MOD021KM,N,2017-04-10 15:25:00,654e11f57743fb540f2479980462386d,https://ladsweb.modaps.eosdis.nasa.gov/api/v2/content/archives/MOD021KM.A2017100.1525.061.2017314023940.hdf,0:05:30,330
2017-04-13 11:11:37,MOD021KM.A2017103.0440.061.2017314031608.hdf,MOD021KM,D,2017-04-13 04:40:00,f02d972d01e1cfc742afd0088f06ecfd,https://ladsweb.modaps.eosdis.nasa.gov/api/v2/content/archives/MOD021KM.A2017103.0440.061.2017314031608.hdf,0:28:23,1703
2017-04-26 12:46:46,MYD021KM.A2017116.0600.061.2018031052307.hdf,MYD021KM,D,2017-04-26 06:00:00,747c2c7172def71be27a46f0e72fc112,https://ladsweb.modaps.eosdis.nasa.gov/api/v2/content/archives/MYD021KM.A2017116.0600.061.2018031052307.hdf,0:13:14,794
2017-04-26 12:46:46,MOD021KM.A2017116.0550.061.2017314053636.hdf,MOD021KM,D,2017-04-26 05:50:00,adeb073c9ac1ad7db57c700b07c605ae,https://ladsweb.modaps.eosdis.nasa.gov/api/v2/content/archives/MOD021KM.A2017116.0550.061.2017314053636.hdf,0:03:14,194
2017-06-05 13:34:08,MYD021KM.A2017156.0650.061.2018033001406.hdf,MYD021KM,D,2017-06-05 06:50:00,25e0f832c74504cc42fa1317a7afb48b,https://ladsweb.modaps.eosdis.nasa.gov/api/v2/content/archives/MYD021KM.A2017156.0650.061.2018033001406.hdf,0:15:52,952
2017-06-05 13:34:08,MOD021KM.A2017156.0640.061.2017314233542.hdf,MOD021KM,D,2017-06-05 06:40:00,461e4ecdf2a1c22ecafe81f73c5fb81b,https://ladsweb.modaps.eosdis.nasa.gov/api/v2/content/archives/MOD021KM.A2017156.0640.061.2017314233542.hdf,0:05:52,352
2017-09-07 13:39:21,MYD021KM.A2017250.0700.061.2017260234729.hdf,MYD021KM,D,2017-09-07 07:00:00,e14a3dafb19ecf2e9db55e54300bc443,https://ladsweb.modaps.eosdis.nasa.gov/api/v2/content/archives/MYD021KM.A2017250.0700.061.2017260234729.hdf,0:20:39,1239
2017-09-07 13:39:21,MOD021KM.A2017250.0650.061.2017261030712.hdf,MOD021KM,D,2017-09-07 06:50:00,2c28a457e7d65b52051a325a390e379c,https://ladsweb.modaps.eosdis.nasa.gov/api/v2/content/archives/MOD021KM.A2017250.0650.061.2017261030712.hdf,0:10:39,639
2017-09-07 13:58:54,MOD021KM.A2017250.0655.061.2017261030225.hdf,MOD021KM,D,2017-09-07 06:55:00,be23e06a4a49dafe218c655e857d6fd2,https://ladsweb.modaps.eosdis.nasa.gov/api/v2/content/archives/MOD021KM.A2017250.0655.061.2017261030225.hdf,0:03:54,234
2017-10-28 12:51:10,MYD021KM.A2017301.0555.061.2017301162723.hdf,MYD021KM,D,2017-10-28 05:55:00,fd01aa08d4f551acf33c51ad70d73b8b,https://ladsweb.modaps.eosdis.nasa.gov/api/v2/content/archives/MYD021KM.A2017301.0555.061.2017301162723.hdf,0:03:50,230
2017-10-28 12:51:10,MOD021KM.A2017301.0545.061.2017301132325.hdf,MOD021KM,D,2017-10-28 05:45:00,24414e69fb067399092842163d694162,https://ladsweb.modaps.eosdis.nasa.gov/api/v2/content/archives/MOD021KM.A2017301.0545.061.2017301132325.hdf,0:06:10,370
2017-12-18 12:49:38,MOD021KM.A2017352.0615.061.2017352192948.hdf,MOD021KM,B,2017-12-18 06:15:00,3a5e6e181385b3f644b7cdd0ac0ce210,https://ladsweb.modaps.eosdis.nasa.gov/api/v2/content/archives/MOD021KM.A2017352.0615.061.2017352192948.hdf,0:25:22,1522
2018-01-08 11:37:55,MOD021KM.A2018008.0455.061.2018008133811.hdf,MOD021KM,D,2018-01-08 04:55:00,b4ed7179ac1fcc7a5d4eb0316258c04d,https://ladsweb.modaps.eosdis.nasa.gov/api/v2/content/archives/MOD021KM.A2018008.0455.061.2018008133811.hdf,0:17:05,1025
2018-01-08 13:16:11,MYD021KM.A2018008.0645.061.2018008193338.hdf,MYD021KM,B,2018-01-08 06:45:00,8d9de1f0c0b3fd4f667472ea1bd3600f,https://ladsweb.modaps.eosdis.nasa.gov/api/v2/content/archives/MYD021KM.A2018008.0645.061.2018008193338.hdf,0:28:49,1729
2018-01-08 13:16:11,MOD021KM.A2018008.0635.061.2018008193536.hdf,MOD021KM,D,2018-01-08 06:35:00,5ebd5840042f51cbebf8bffd1240d22a,https://ladsweb.modaps.eosdis.nasa.gov/api/v2/content/archives/MOD021KM.A2018008.0635.061.2018008193536.hdf,0:18:49,1129
2018-01-08 19:29:52,MOD021KM.A2018008.1255.061.2018009014321.hdf,MOD021KM,N,2018-01-08 12:55:00,9cf78df861c19fa0ad0556a251007f79,https://ladsweb.modaps.eosdis.nasa.gov/api/v2/content/archives/MOD021KM.A2018008.1255.061.2018009014321.hdf,0:25:08,1508
2018-01-08 21:13:18,MOD021KM.A2018008.1430.061.2018009014532.hdf,MOD021KM,N,2018-01-08 14:30:00,389adb14f8ec653539215ba8187b74c4,https://ladsweb.modaps.eosdis.nasa.gov/api/v2/content/archives/MOD021KM.A2018008.1430.061.2018009014532.hdf,0:16:42,1002
2018-01-08 23:00:18,MOD021KM.A2018008.1610.061.2018009014507.hdf,MOD021KM,N,2018-01-08 16:10:00,f02fa56af7a1398a935da2a6fca966cb,https://ladsweb.modaps.eosdis.nasa.gov/api/v2/content/archives/MOD021KM.A2018008.1610.061.2018009014507.hdf,0:09:42,582
2018-02-01 20:34:04,MOD021KM.A2018032.1345.061.2018033012223.hdf,MOD021KM,N,2018-02-01 13:45:00,e9da320af1452726ef5b46f2e6482175,https://ladsweb.modaps.eosdis.nasa.gov/api/v2/content/archives/MOD021KM.A2018032.1345.061.2018033012223.hdf,0:10:56,656
2018-08-08 11:34:54,MYD021KM.A2018220.0445.061.2018220160809.hdf,MYD021KM,D,2018-08-08 04:45:00,1987e6cf6b6cf66b2bddcb5ff778985b,https://ladsweb.modaps.eosdis.nasa.gov/api/v2/content/archives/MYD021KM.A2018220.0445.061.2018220160809.hdf,0:10:06,606
2018-08-08 11:34:54,MOD021KM.A2018220.0430.061.2018220134018.hdf,MOD021KM,D,2018-08-08 04:30:00,fa818039ac6abbefad91e0faa700ca29,https://ladsweb.modaps.eosdis.nasa.gov/api/v2/content/archives/MOD021KM.A2018220.0430.061.2018220134018.hdf,0:04:54,294
2018-08-08 14:49:40,MYD021KM.A2018220.0800.061.2018220204624.hdf,MYD021KM,D,2018-08-08 08:00:00,1767eecca7a327b1c3525f97cb40706d,https://ladsweb.modaps.eosdis.nasa.gov/api/v2/content/archives/MYD021KM.A2018220.0800.061.2018220204624.hdf,0:10:20,620
2018-08-20 11:37:48,MOD021KM.A2018232.0455.061.2018232134712.hdf,MOD021KM,D,2018-08-20 04:55:00,6f477f9d24c345c655f7c68bdf89721b,https://ladsweb.modaps.eosdis.nasa.gov/api/v2/content/archives/MOD021KM.A2018232.0455.061.2018232134712.hdf,0:17:12,1032
2018-09-07 11:28:32,MYD021KM.A2018250.0455.061.2018250161111.hdf,MYD021KM,D,2018-09-07 04:55:00,0e4b760ac9c79bdec4968644b8ab1717,https://ladsweb.modaps.eosdis.nasa.gov/api/v2/content/archives/MYD021KM.A2018250.0455.061.2018250161111.hdf,0:26:28,1588
2018-09-07 11:28:32,MOD021KM.A2018250.0445.061.2018250133109.hdf,MOD021KM,D,2018-09-07 04:45:00,21db6c4b26e938782c596e1e53ede031,https://ladsweb.modaps.eosdis.nasa.gov/api/v2/content/archives/MOD021KM.A2018250.0445.061.2018250133109.hdf,0:16:28,988
2018-09-07 13:11:10,MYD021KM.A2018250.0630.061.2018250194605.hdf,MYD021KM,D,2018-09-07 06:30:00,5f15afc20c0030037998478abb5762f8,https://ladsweb.modaps.eosdis.nasa.gov/api/v2/content/archives/MYD021KM.A2018250.0630.061.2018250194605.hdf,0:18:50,1130
2018-09-07 13:11:10,MOD021KM.A2018250.0620.061.2018250194702.hdf,MOD021KM,D,2018-09-07 06:20:00,600b119a595dce03490a7b91b76245ba,https://ladsweb.modaps.eosdis.nasa.gov/api/v2/content/archives/MOD021KM.A2018250.0620.061.2018250194702.hdf,0:08:50,530
2018-09-07 13:32:18,MOD021KM.A2018250.0625.061.2018250194555.hdf,MOD021KM,D,2018-09-07 06:25:00,93f211ca436a4398fcd56c214ef65971,https://ladsweb.modaps.eosdis.nasa.gov/api/v2/content/archives/MOD021KM.A2018250.0625.061.2018250194555.hdf,0:07:18,438
2018-09-18 22:13:39,MOD021KM.A2018261.1540.061.2018263115333.hdf,MOD021KM,N,2018-09-18 15:40:00,20b7800f57d571acb506aa0deaf2a007,https://ladsweb.modaps.eosdis.nasa.gov/api/v2/content/archives/MOD021KM.A2018261.1540.061.2018263115333.hdf,0:26:21,1581
2018-09-19 11:41:54,MOD021KM.A2018262.0505.061.2018263175514.hdf,MOD021KM,D,2018-09-19 05:05:00,a10522b5b485e6543ca9dd5d5d16e911,https://ladsweb.modaps.eosdis.nasa.gov/api/v2/content/archives/MOD021KM.A2018262.0505.061.2018263175514.hdf,0:23:06,1386
2018-09-19 11:58:42,MYD021KM.A2018262.0520.061.2018263153714.hdf,MYD021KM,D,2018-09-19 05:20:00,dfc1c825719de4a2fb7914ad71a2b1fa,https://ladsweb.modaps.eosdis.nasa.gov/api/v2/content/archives/MYD021KM.A2018262.0520.061.2018263153714.hdf,0:21:18,1278
2018-09-19 14:24:31,MYD021KM.A2018262.0700.061.2018263154538.hdf,MYD021KM,D,2018-09-19 07:00:00,a089886d0e9da9c2d19794489b3b64d6,https://ladsweb.modaps.eosdis.nasa.gov/api/v2/content/archives/MYD021KM.A2018262.0700.061.2018263154538.hdf,0:24:31,1471
2018-09-21 11:29:25,MOD021KM.A2018264.0455.061.2018264134159.hdf,MOD021KM,D,2018-09-21 04:55:00,5f76d0ce72441b7a2b92b9df084d176b,https://ladsweb.modaps.eosdis.nasa.gov/api/v2/content/archives/MOD021KM.A2018264.0455.061.2018264134159.hdf,0:25:35,1535
2018-09-21 14:58:12,MYD021KM.A2018264.0825.061.2018264193543.hdf,MYD021KM,D,2018-09-21 08:25:00,f1f1681e89eae515632d84b351c29476,https://ladsweb.modaps.eosdis.nasa.gov/api/v2/content/archives/MYD021KM.A2018264.0825.061.2018264193543.hdf,0:26:48,1608
2018-10-01 13:49:13,MOD021KM.A2018274.0710.061.2018274200238.hdf,MOD021KM,D,2018-10-01 07:10:00,9077a06b310f78950559f0f4fe162c9f,https://ladsweb.modaps.eosdis.nasa.gov/api/v2/content/archives/MOD021KM.A2018274.0710.061.2018274200238.hdf,0:20:47,1247
2018-10-01 14:07:02,MYD021KM.A2018274.0720.061.2018274200200.hdf,MYD021KM,D,2018-10-01 07:20:00,4e814550f2ebe59d01d22cf8e4265d05,https://ladsweb.modaps.eosdis.nasa.gov/api/v2/content/archives/MYD021KM.A2018274.0720.061.2018274200200.hdf,0:12:58,778
2018-10-01 14:24:03,MYD021KM.A2018274.0725.061.2018274200118.hdf,MYD021KM,D,2018-10-01 07:25:00,11a8a25f861d4afb5919629bd1df16cb,https://ladsweb.modaps.eosdis.nasa.gov/api/v2/content/archives/MYD021KM.A2018274.0725.061.2018274200118.hdf,0:00:57,57
2018-10-12 13:32:11,MYD021KM.A2018285.0700.061.2018286013524.hdf,MYD021KM,D,2018-10-12 07:00:00,7d8d84503b1e05ba407d2679ef932f73,https://ladsweb.modaps.eosdis.nasa.gov/api/v2/content/archives/MYD021KM.A2018285.0700.061.2018286013524.hdf,0:27:49,1669
2018-10-12 13:32:11,MOD021KM.A2018285.0650.061.2018286013418.hdf,MOD021KM,D,2018-10-12 06:50:00,c43532ec4955c21263754dc7dd6c9e73,https://ladsweb.modaps.eosdis.nasa.gov/api/v2/content/archives/MOD021KM.A2018285.0650.061.2018286013418.hdf,0:17:49,1069
2018-10-18 14:38:48,MYD021KM.A2018291.0805.061.2018291195134.hdf,MYD021KM,D,2018-10-18 08:05:00,2c9a8bece75b5d314ffc22ab3c26e65f,https://ladsweb.modaps.eosdis.nasa.gov/api/v2/content/archives/MYD021KM.A2018291.0805.061.2018291195134.hdf,0:26:12,1572
2018-12-10 13:09:30,MOD021KM.A2018344.0635.061.2018344201506.hdf,MOD021KM,D,2018-12-10 06:35:00,f51380c7f00e284e82699b583a342b21,https://ladsweb.modaps.eosdis.nasa.gov/api/v2/content/archives/MOD021KM.A2018344.0635.061.2018344201506.hdf,0:25:30,1530
2018-12-10 13:26:56,MYD021KM.A2018344.0645.061.2018344192914.hdf,MYD021KM,B,2018-12-10 06:45:00,cd664f1c5dd627842e08f37f608a32e5,https://ladsweb.modaps.eosdis.nasa.gov/api/v2/content/archives/MYD021KM.A2018344.0645.061.2018344192914.hdf,0:18:04,1084
2018-12-10 15:49:09,MYD021KM.A2018344.0825.061.2018344192909.hdf,MYD021KM,B,2018-12-10 08:25:00,63cdb8e7c6f52980bb9914bb5e832b0a,https://ladsweb.modaps.eosdis.nasa.gov/api/v2/content/archives/MYD021KM.A2018344.0825.061.2018344192909.hdf,0:24:09,1449
2019-01-15 11:10:04,MOD021KM.A2019015.0430.061.2019015131507.hdf,MOD021KM,D,2019-01-15 04:30:00,005b46042d63fd5aaab663d42d896065,https://ladsweb.modaps.eosdis.nasa.gov/api/v2/content/archives/MOD021KM.A2019015.0430.061.2019015131507.hdf,0:19:56,1196
2019-01-15 12:52:48,MYD021KM.A2019015.0620.061.2019015192023.hdf,MYD021KM,D,2019-01-15 06:20:00,54419453d83879ac2e2cbc6fdf06fd7f,https://ladsweb.modaps.eosdis.nasa.gov/api/v2/content/archives/MYD021KM.A2019015.0620.061.2019015192023.hdf,0:27:12,1632
2019-01-15 12:52:48,MOD021KM.A2019015.0610.061.2019015192136.hdf,MOD021KM,D,2019-01-15 06:10:00,dccd3fd1dea5509c4728ee5837807a17,https://ladsweb.modaps.eosdis.nasa.gov/api/v2/content/archives/MOD021KM.A2019015.0610.061.2019015192136.hdf,0:17:12,1032
2019-02-15 13:50:24,MYD021KM.A2019046.0715.061.2019050193905.hdf,MYD021KM,D,2019-02-15 07:15:00,3c32fa0dae56073ebdc324436e3fed52,https://ladsweb.modaps.eosdis.nasa.gov/api/v2/content/archives/MYD021KM.A2019046.0715.061.2019050193905.hdf,0:24:36,1476
2019-02-15 13:50:24,MOD021KM.A2019046.0705.061.2019046190632.hdf,MOD021KM,D,2019-02-15 07:05:00,155a184ca6e59907f364d03a6e0ffc79,https://ladsweb.modaps.eosdis.nasa.gov/api/v2/content/archives/MOD021KM.A2019046.0705.061.2019046190632.hdf,0:14:36,876
2019-02-15 20:10:33,MOD021KM.A2019046.1325.061.2019047011709.hdf,MOD021KM,N,2019-02-15 13:25:00,5da10825bec4c57391938a21a349878b,https://ladsweb.modaps.eosdis.nasa.gov/api/v2/content/archives/MOD021KM.A2019046.1325.061.2019047011709.hdf,0:14:27,867
2019-04-09 13:08:01,MYD021KM.A2019099.0555.061.2019099163339.hdf,MYD021KM,D,2019-04-09 05:55:00,f4a91b8abca12224bbf2461258708258,https://ladsweb.modaps.eosdis.nasa.gov/api/v2/content/archives/MYD021KM.A2019099.0555.061.2019099163339.hdf,0:13:01,781
2019-04-09 13:08:01,MOD021KM.A2019099.0545.061.2019099130600.hdf,MOD021KM,D,2019-04-09 05:45:00,e32cc3aaf5483518e27afbd423c9fa6a,https://ladsweb.modaps.eosdis.nasa.gov/api/v2/content/archives/MOD021KM.A2019099.0545.061.2019099130600.hdf,0:23:01,1381
2019-09-13 21:29:10,MOD021KM.A2019256.1450.061.2019257010840.hdf,MOD021KM,N,2019-09-13 14:50:00,bfeb10da0cf7f6ed6dd4efa7cbc7d90b,https://ladsweb.modaps.eosdis.nasa.gov/api/v2/content/archives/MOD021KM.A2019256.1450.061.2019257010840.hdf,0:20:50,1250
2019-09-13 23:10:08,MOD021KM.A2019256.1625.061.2019257011007.hdf,MOD021KM,N,2019-09-13 16:25:00,ca6c6da0240ef4dd55511ab828d89fb3,https://ladsweb.modaps.eosdis.nasa.gov/api/v2/content/archives/MOD021KM.A2019256.1625.061.2019257011007.hdf,0:14:52,892
2019-09-13 23:46:04,MOD021KM.A2019256.1630.061.2019257011058.hdf,MOD021KM,N,2019-09-13 16:30:00,92e30e210fe6505d9d2ce18bf756b4cf,https://ladsweb.modaps.eosdis.nasa.gov/api/v2/content/archives/MOD021KM.A2019256.1630.061.2019257011058.hdf,0:16:04,964
2019-10-07 13:00:35,MYD021KM.A2019280.0615.061.2019280190921.hdf,MYD021KM,D,2019-10-07 06:15:00,1bbf962190e7f3ee11e5ccc943e7c156,https://ladsweb.modaps.eosdis.nasa.gov/api/v2/content/archives/MYD021KM.A2019280.0615.061.2019280190921.hdf,0:14:25,865
2019-10-07 13:00:35,MOD021KM.A2019280.0600.061.2019280191022.hdf,MOD021KM,D,2019-10-07 06:00:00,0422b8703a2627e09cc343cb3979afc4,https://ladsweb.modaps.eosdis.nasa.gov/api/v2/content/archives/MOD021KM.A2019280.0600.061.2019280191022.hdf,0:00:35,35
2019-10-07 13:18:13,MOD021KM.A2019280.0605.061.2019280191302.hdf,MOD021KM,D,2019-10-07 06:05:00,7bdc86c2bf0e0c5e3136441731e10f88,https://ladsweb.modaps.eosdis.nasa.gov/api/v2/content/archives/MOD021KM.A2019280.0605.061.2019280191302.hdf,0:13:13,793
2019-12-02 11:42:16,MOD021KM.A2019336.0510.061.2019336180838.hdf,MOD021KM,B,2019-12-02 05:10:00,4daa5bcc5c1870e2adfc27ffc52669aa,https://ladsweb.modaps.eosdis.nasa.gov/api/v2/content/archives/MOD021KM.A2019336.0510.061.2019336180838.hdf,0:27:44,1664
2020-03-17 10:55:22,MYD021KM.A2020077.0425.061.2020077161401.hdf,MYD021KM,D,2020-03-17 04:25:00,b993444af4aa6ceaa79675277be16b03,https://ladsweb.modaps.eosdis.nasa.gov/api/v2/content/archives/MYD021KM.A2020077.0425.061.2020077161401.hdf,0:29:38,1778
2020-03-17 10:55:22,MOD021KM.A2020077.0410.061.2020077130849.hdf,MOD021KM,D,2020-03-17 04:10:00,57b09c7fd6c94aafc32a7a8a2e117956,https://ladsweb.modaps.eosdis.nasa.gov/api/v2/content/archives/MOD021KM.A2020077.0410.061.2020077130849.hdf,0:14:38,878
2020-03-17 12:46:04,MYD021KM.A2020077.0600.061.2020077204937.hdf,MYD021KM,D,2020-03-17 06:00:00,a7bbd37cc4e34ec5b0bd2a5747a20202,https://ladsweb.modaps.eosdis.nasa.gov/api/v2/content/archives/MYD021KM.A2020077.0600.061.2020077204937.hdf,0:13:56,836
2020-03-17 12:46:04,MOD021KM.A2020077.0550.061.2020077134038.hdf,MOD021KM,D,2020-03-17 05:50:00,6197637593a206b7080ce0b73c816d08,https://ladsweb.modaps.eosdis.nasa.gov/api/v2/content/archives/MOD021KM.A2020077.0550.061.2020077134038.hdf,0:03:56,236
2020-04-18 12:56:46,MYD021KM.A2020109.0600.061.2020109191305.hdf,MYD021KM,D,2020-04-18 06:00:00,9bc5e1a9b0499ecc877f48c446d9fc48,https://ladsweb.modaps.eosdis.nasa.gov/api/v2/content/archives/MYD021KM.A2020109.0600.061.2020109191305.hdf,0:03:14,194
2020-04-18 12:56:46,MOD021KM.A2020109.0550.061.2020109130501.hdf,MOD021KM,D,2020-04-18 05:50:00,fdbd82db7571ca6e1c84e499e2807c25,https://ladsweb.modaps.eosdis.nasa.gov/api/v2/content/archives/MOD021KM.A2020109.0550.061.2020109130501.hdf,0:06:46,406
2020-04-21 13:06:14,MYD021KM.A2020112.0630.061.2020112191722.hdf,MYD021KM,D,2020-04-21 06:30:00,5acf526b1be7ca324f5c23b4f6eeb265,https://ladsweb.modaps.eosdis.nasa.gov/api/v2/content/archives/MYD021KM.A2020112.0630.061.2020112191722.hdf,0:23:46,1426
2020-04-21 13:06:14,MOD021KM.A2020112.0620.061.2020112191520.hdf,MOD021KM,D,2020-04-21 06:20:00,9ae419721a3c23aa70e1de400c30b762,https://ladsweb.modaps.eosdis.nasa.gov/api/v2/content/archives/MOD021KM.A2020112.0620.061.2020112191520.hdf,0:13:46,826
2020-04-21 13:40:50,MYD021KM.A2020112.0635.061.2020112191643.hdf,MYD021KM,D,2020-04-21 06:35:00,535f508c1b2747bac837a5b37e973669,https://ladsweb.modaps.eosdis.nasa.gov/api/v2/content/archives/MYD021KM.A2020112.0635.061.2020112191643.hdf,0:05:50,350
2020-04-21 14:50:45,MYD021KM.A2020112.0810.061.2020112191606.hdf,MYD021KM,D,2020-04-21 08:10:00,19c6f48e307fa8bd89a50dffeef88fdb,https://ladsweb.modaps.eosdis.nasa.gov/api/v2/content/archives/MYD021KM.A2020112.0810.061.2020112191606.hdf,0:19:15,1155
2020-04-30 15:08:07,MYD021KM.A2020121.0805.061.2020121191127.hdf,MYD021KM,D,2020-04-30 08:05:00,90116c1648ff63ef81e213ddf80e4df9,https://ladsweb.modaps.eosdis.nasa.gov/api/v2/content/archives/MYD021KM.A2020121.0805.061.2020121191127.hdf,0:03:07,187
2020-09-14 11:59:22,MOD021KM.A2020258.0430.061.2020258131802.hdf,MOD021KM,D,2020-09-14 04:30:00,091e92e403747b8710b3da58bf0f1266,https://ladsweb.modaps.eosdis.nasa.gov/api/v2/content/archives/MOD021KM.A2020258.0430.061.2020258131802.hdf,0:29:22,1762
2021-06-01 14:14:10,MYD021KM.A2021152.0735.061.2021152194237.hdf,MYD021KM,D,2021-06-01 07:35:00,8e89ff465ad24d65d271dd015a8c4662,https://ladsweb.modaps.eosdis.nasa.gov/api/v2/content/archives/MYD021KM.A2021152.0735.061.2021152194237.hdf,0:20:50,1250
2021-06-01 14:14:10,MOD021KM.A2021152.0720.061.2021152194408.hdf,MOD021KM,D,2021-06-01 07:20:00,aeaefa69282928b7b7c504bc4c6393a2,https://ladsweb.modaps.eosdis.nasa.gov/api/v2/content/archives/MOD021KM.A2021152.0720.061.2021152194408.hdf,0:05:50,350
2023-02-03 13:32:43,MOD021KM.A2023034.0640.061.2023034190841.hdf,MOD021KM,D,2023-02-03 06:40:00,4109033df29b9fabefa773e5532497de,https://ladsweb.modaps.eosdis.nasa.gov/api/v2/content/archives/MOD021KM.A2023034.0640.061.2023034190841.hdf,0:07:17,437
2023-03-16 22:08:28,MOD021KM.A2023075.1455.061.2023076012036.hdf,MOD021KM,N,2023-03-16 14:55:00,39ad8b90f31ffa7d2a5060610fd28424,https://ladsweb.modaps.eosdis.nasa.gov/api/v2/content/archives/MOD021KM.A2023075.1455.061.2023076012036.hdf,0:13:28,808
2023-03-16 23:00:18,MOD021KM.A2023075.1630.061.2023076012055.hdf,MOD021KM,N,2023-03-16 16:30:00,f7ed6d928dfc55f0fd68c1c7875055bf,https://ladsweb.modaps.eosdis.nasa.gov/api/v2/content/archives/MOD021KM.A2023075.1630.061.2023076012055.hdf,0:29:42,1782
2023-07-19 21:40:38,MOD021KM.A2023200.1500.061.2023201094915.hdf,MOD021KM,B,2023-07-19 15:00:00,1973487f04345ca4df6023a053f6d1db,https://ladsweb.modaps.eosdis.nasa.gov/api/v2/content/archives/MOD021KM.A2023200.1500.061.2023201094915.hdf,0:19:22,1162
2023-07-19 23:06:51,MOD021KM.A2023200.1635.061.2023201072013.hdf,MOD021KM,N,2023-07-19 16:35:00,51bffc9e6a6712ee0536f5a991c45be5,https://ladsweb.modaps.eosdis.nasa.gov/api/v2/content/archives/MOD021KM.A2023200.1635.061.2023201072013.hdf,0:28:09,1689
2023-09-22 10:28:32,MOD021KM.A2023265.0345.061.2023265131522.hdf,MOD021KM,D,2023-09-22 03:45:00,7b0924de886718651d35eb1c4bf4912e,https://ladsweb.modaps.eosdis.nasa.gov/api/v2/content/archives/MOD021KM.A2023265.0345.061.2023265131522.hdf,0:16:28,988
2023-09-22 14:17:06,MYD021KM.A2023265.0715.061.2023265191120.hdf,MYD021KM,D,2023-09-22 07:15:00,e1c4d633d275c9f9f8b155a469a9ac6e,https://ladsweb.modaps.eosdis.nasa.gov/api/v2/content/archives/MYD021KM.A2023265.0715.061.2023265191120.hdf,0:02:06,126
2023-09-22 14:17:06,MOD021KM.A2023265.0705.061.2023265191102.hdf,MOD021KM,D,2023-09-22 07:05:00,5cd054725f9667d911039ef390778583,https://ladsweb.modaps.eosdis.nasa.gov/api/v2/content/archives/MOD021KM.A2023265.0705.061.2023265191102.hdf,0:12:06,726
2023-09-22 15:47:35,MYD021KM.A2023265.0855.061.2023265191136.hdf,MYD021KM,D,2023-09-22 08:55:00,ed5f5566b8c52c1992eafa54ef58bd50,https://ladsweb.modaps.eosdis.nasa.gov/api/v2/content/archives/MYD021KM.A2023265.0855.061.2023265191136.hdf,0:07:25,445
